"Bitmex - API name","Name","Contract","Symbol","Classification"
"XBTUSD","BTC/USD","Perpetual","BTC/USD - Perpetual","Pair"
"ETHUSD","ETH/USD","Perpetual","ETH/USD - Perpetual","Pair"
"XBTN19","BTC/USD","Jul19","BTC/USD - Jul19","Pair"
"XBTQ19","BTC/USD","Aug19","BTC/USD - Aug19","Pair"
"XBTU19","BTC/USD","Sep19","BTC/USD - Sep19","Pair"
"XBTV19","BTC/USD","Oct19","BTC/USD - Oct19","Pair"
"XBTX19","BTC/USD","Nov19","BTC/USD - Nov19","Pair"
"XBTZ19","BTC/USD","Dec19","BTC/USD - Dec19","Pair"
"XBTF20","BTC/USD","Jan20","BTC/USD - Jan20","Pair"
"XBTG20","BTC/USD","Feb20","BTC/USD - Feb20","Pair"
"XBTH20","BTC/USD","Mar20","BTC/USD - Mar20","Pair"
"XBTJ20","BTC/USD","Apr20","BTC/USD - Apr20","Pair"
"XBTK20","BTC/USD","May20","BTC/USD - May20","Pair"
"XBTM20","BTC/USD","Jun20","BTC/USD - Jun20","Pair"
"XBTN20","BTC/USD","Jul20","BTC/USD - Jul20","Pair"
"XBTQ20","BTC/USD","Aug20","BTC/USD - Aug20","Pair"
"XBTU20","BTC/USD","Sep20","BTC/USD - Sep20","Pair"
"XBTV20","BTC/USD","Oct20","BTC/USD - Oct20","Pair"
"XBTX20","BTC/USD","Nov20","BTC/USD - Nov20","Pair"
"XBTZ20","BTC/USD","Dec20","BTC/USD - Dec20","Pair"
"XBTF21","BTC/USD","Jan21","BTC/USD - Jan21","Pair"
"XBTG21","BTC/USD","Feb21","BTC/USD - Feb21","Pair"
"XBTH21","BTC/USD","Mar21","BTC/USD - Mar21","Pair"
"XBTJ21","BTC/USD","Apr21","BTC/USD - Apr21","Pair"
"XBTK21","BTC/USD","May21","BTC/USD - May21","Pair"
"XBTM21","BTC/USD","Jun21","BTC/USD - Jun21","Pair"
"XBTN21","BTC/USD","Jul21","BTC/USD - Jul21","Pair"
"XBTQ21","BTC/USD","Aug21","BTC/USD - Aug21","Pair"
"XBTU21","BTC/USD","Sep21","BTC/USD - Sep21","Pair"
"XBTV21","BTC/USD","Oct21","BTC/USD - Oct21","Pair"
"XBTX21","BTC/USD","Nov21","BTC/USD - Nov21","Pair"
"XBTZ21","BTC/USD","Dec21","BTC/USD - Dec21","Pair"
"XBTF22","BTC/USD","Jan22","BTC/USD - Jan22","Pair"
"XBTG22","BTC/USD","Feb22","BTC/USD - Feb22","Pair"
"XBTH22","BTC/USD","Mar22","BTC/USD - Mar22","Pair"
"XBTJ22","BTC/USD","Apr22","BTC/USD - Apr22","Pair"
"XBTK22","BTC/USD","May22","BTC/USD - May22","Pair"
"XBTM22","BTC/USD","Jun22","BTC/USD - Jun22","Pair"
"XBTN22","BTC/USD","Jul22","BTC/USD - Jul22","Pair"
"XBTQ22","BTC/USD","Aug22","BTC/USD - Aug22","Pair"
"XBTU22","BTC/USD","Sep22","BTC/USD - Sep22","Pair"
"XBTV22","BTC/USD","Oct22","BTC/USD - Oct22","Pair"
"XBTX22","BTC/USD","Nov22","BTC/USD - Nov22","Pair"
"XBTZ22","BTC/USD","Dec22","BTC/USD - Dec22","Pair"
"XBTF23","BTC/USD","Jan23","BTC/USD - Jan23","Pair"
"XBTG23","BTC/USD","Feb23","BTC/USD - Feb23","Pair"
"XBTH23","BTC/USD","Mar23","BTC/USD - Mar23","Pair"
"XBTJ23","BTC/USD","Apr23","BTC/USD - Apr23","Pair"
"XBTK23","BTC/USD","May23","BTC/USD - May23","Pair"
"XBTM23","BTC/USD","Jun23","BTC/USD - Jun23","Pair"
"XBTN23","BTC/USD","Jul23","BTC/USD - Jul23","Pair"
"XBTQ23","BTC/USD","Aug23","BTC/USD - Aug23","Pair"
"XBTU23","BTC/USD","Sep23","BTC/USD - Sep23","Pair"
"XBTV23","BTC/USD","Oct23","BTC/USD - Oct23","Pair"
"XBTX23","BTC/USD","Nov23","BTC/USD - Nov23","Pair"
"XBTZ23","BTC/USD","Dec23","BTC/USD - Dec23","Pair"
"ETHN19","ETH/BTC","Jul19","ETH/BTC - Jul19","Pair"
"ETHQ19","ETH/BTC","Aug19","ETH/BTC - Aug19","Pair"
"ETHU19","ETH/BTC","Sep19","ETH/BTC - Sep19","Pair"
"ETHV19","ETH/BTC","Oct19","ETH/BTC - Oct19","Pair"
"ETHX19","ETH/BTC","Nov19","ETH/BTC - Nov19","Pair"
"ETHZ19","ETH/BTC","Dec19","ETH/BTC - Dec19","Pair"
"ETHF20","ETH/BTC","Jan20","ETH/BTC - Jan20","Pair"
"ETHG20","ETH/BTC","Feb20","ETH/BTC - Feb20","Pair"
"ETHH20","ETH/BTC","Mar20","ETH/BTC - Mar20","Pair"
"ETHJ20","ETH/BTC","Apr20","ETH/BTC - Apr20","Pair"
"ETHK20","ETH/BTC","May20","ETH/BTC - May20","Pair"
"ETHM20","ETH/BTC","Jun20","ETH/BTC - Jun20","Pair"
"ETHN20","ETH/BTC","Jul20","ETH/BTC - Jul20","Pair"
"ETHQ20","ETH/BTC","Aug20","ETH/BTC - Aug20","Pair"
"ETHU20","ETH/BTC","Sep20","ETH/BTC - Sep20","Pair"
"ETHV20","ETH/BTC","Oct20","ETH/BTC - Oct20","Pair"
"ETHX20","ETH/BTC","Nov20","ETH/BTC - Nov20","Pair"
"ETHZ20","ETH/BTC","Dec20","ETH/BTC - Dec20","Pair"
"ETHF21","ETH/BTC","Jan21","ETH/BTC - Jan21","Pair"
"ETHG21","ETH/BTC","Feb21","ETH/BTC - Feb21","Pair"
"ETHH21","ETH/BTC","Mar21","ETH/BTC - Mar21","Pair"
"ETHJ21","ETH/BTC","Apr21","ETH/BTC - Apr21","Pair"
"ETHK21","ETH/BTC","May21","ETH/BTC - May21","Pair"
"ETHM21","ETH/BTC","Jun21","ETH/BTC - Jun21","Pair"
"ETHN21","ETH/BTC","Jul21","ETH/BTC - Jul21","Pair"
"ETHQ21","ETH/BTC","Aug21","ETH/BTC - Aug21","Pair"
"ETHU21","ETH/BTC","Sep21","ETH/BTC - Sep21","Pair"
"ETHV21","ETH/BTC","Oct21","ETH/BTC - Oct21","Pair"
"ETHX21","ETH/BTC","Nov21","ETH/BTC - Nov21","Pair"
"ETHZ21","ETH/BTC","Dec21","ETH/BTC - Dec21","Pair"
"ETHF22","ETH/BTC","Jan22","ETH/BTC - Jan22","Pair"
"ETHG22","ETH/BTC","Feb22","ETH/BTC - Feb22","Pair"
"ETHH22","ETH/BTC","Mar22","ETH/BTC - Mar22","Pair"
"ETHJ22","ETH/BTC","Apr22","ETH/BTC - Apr22","Pair"
"ETHK22","ETH/BTC","May22","ETH/BTC - May22","Pair"
"ETHM22","ETH/BTC","Jun22","ETH/BTC - Jun22","Pair"
"ETHN22","ETH/BTC","Jul22","ETH/BTC - Jul22","Pair"
"ETHQ22","ETH/BTC","Aug22","ETH/BTC - Aug22","Pair"
"ETHU22","ETH/BTC","Sep22","ETH/BTC - Sep22","Pair"
"ETHV22","ETH/BTC","Oct22","ETH/BTC - Oct22","Pair"
"ETHX22","ETH/BTC","Nov22","ETH/BTC - Nov22","Pair"
"ETHZ22","ETH/BTC","Dec22","ETH/BTC - Dec22","Pair"
"ETHF23","ETH/BTC","Jan23","ETH/BTC - Jan23","Pair"
"ETHG23","ETH/BTC","Feb23","ETH/BTC - Feb23","Pair"
"ETHH23","ETH/BTC","Mar23","ETH/BTC - Mar23","Pair"
"ETHJ23","ETH/BTC","Apr23","ETH/BTC - Apr23","Pair"
"ETHK23","ETH/BTC","May23","ETH/BTC - May23","Pair"
"ETHM23","ETH/BTC","Jun23","ETH/BTC - Jun23","Pair"
"ETHN23","ETH/BTC","Jul23","ETH/BTC - Jul23","Pair"
"ETHQ23","ETH/BTC","Aug23","ETH/BTC - Aug23","Pair"
"ETHU23","ETH/BTC","Sep23","ETH/BTC - Sep23","Pair"
"ETHV23","ETH/BTC","Oct23","ETH/BTC - Oct23","Pair"
"ETHX23","ETH/BTC","Nov23","ETH/BTC - Nov23","Pair"
"ETHZ23","ETH/BTC","Dec23","ETH/BTC - Dec23","Pair"
"XRPN19","XRP/BTC","Jul19","XRP/BTC - Jul19","Pair"
"XRPQ19","XRP/BTC","Aug19","XRP/BTC - Aug19","Pair"
"XRPU19","XRP/BTC","Sep19","XRP/BTC - Sep19","Pair"
"XRPV19","XRP/BTC","Oct19","XRP/BTC - Oct19","Pair"
"XRPX19","XRP/BTC","Nov19","XRP/BTC - Nov19","Pair"
"XRPZ19","XRP/BTC","Dec19","XRP/BTC - Dec19","Pair"
"XRPF20","XRP/BTC","Jan20","XRP/BTC - Jan20","Pair"
"XRPG20","XRP/BTC","Feb20","XRP/BTC - Feb20","Pair"
"XRPH20","XRP/BTC","Mar20","XRP/BTC - Mar20","Pair"
"XRPJ20","XRP/BTC","Apr20","XRP/BTC - Apr20","Pair"
"XRPK20","XRP/BTC","May20","XRP/BTC - May20","Pair"
"XRPM20","XRP/BTC","Jun20","XRP/BTC - Jun20","Pair"
"XRPN20","XRP/BTC","Jul20","XRP/BTC - Jul20","Pair"
"XRPQ20","XRP/BTC","Aug20","XRP/BTC - Aug20","Pair"
"XRPU20","XRP/BTC","Sep20","XRP/BTC - Sep20","Pair"
"XRPV20","XRP/BTC","Oct20","XRP/BTC - Oct20","Pair"
"XRPX20","XRP/BTC","Nov20","XRP/BTC - Nov20","Pair"
"XRPZ20","XRP/BTC","Dec20","XRP/BTC - Dec20","Pair"
"XRPF21","XRP/BTC","Jan21","XRP/BTC - Jan21","Pair"
"XRPG21","XRP/BTC","Feb21","XRP/BTC - Feb21","Pair"
"XRPH21","XRP/BTC","Mar21","XRP/BTC - Mar21","Pair"
"XRPJ21","XRP/BTC","Apr21","XRP/BTC - Apr21","Pair"
"XRPK21","XRP/BTC","May21","XRP/BTC - May21","Pair"
"XRPM21","XRP/BTC","Jun21","XRP/BTC - Jun21","Pair"
"XRPN21","XRP/BTC","Jul21","XRP/BTC - Jul21","Pair"
"XRPQ21","XRP/BTC","Aug21","XRP/BTC - Aug21","Pair"
"XRPU21","XRP/BTC","Sep21","XRP/BTC - Sep21","Pair"
"XRPV21","XRP/BTC","Oct21","XRP/BTC - Oct21","Pair"
"XRPX21","XRP/BTC","Nov21","XRP/BTC - Nov21","Pair"
"XRPZ21","XRP/BTC","Dec21","XRP/BTC - Dec21","Pair"
"XRPF22","XRP/BTC","Jan22","XRP/BTC - Jan22","Pair"
"XRPG22","XRP/BTC","Feb22","XRP/BTC - Feb22","Pair"
"XRPH22","XRP/BTC","Mar22","XRP/BTC - Mar22","Pair"
"XRPJ22","XRP/BTC","Apr22","XRP/BTC - Apr22","Pair"
"XRPK22","XRP/BTC","May22","XRP/BTC - May22","Pair"
"XRPM22","XRP/BTC","Jun22","XRP/BTC - Jun22","Pair"
"XRPN22","XRP/BTC","Jul22","XRP/BTC - Jul22","Pair"
"XRPQ22","XRP/BTC","Aug22","XRP/BTC - Aug22","Pair"
"XRPU22","XRP/BTC","Sep22","XRP/BTC - Sep22","Pair"
"XRPV22","XRP/BTC","Oct22","XRP/BTC - Oct22","Pair"
"XRPX22","XRP/BTC","Nov22","XRP/BTC - Nov22","Pair"
"XRPZ22","XRP/BTC","Dec22","XRP/BTC - Dec22","Pair"
"XRPF23","XRP/BTC","Jan23","XRP/BTC - Jan23","Pair"
"XRPG23","XRP/BTC","Feb23","XRP/BTC - Feb23","Pair"
"XRPH23","XRP/BTC","Mar23","XRP/BTC - Mar23","Pair"
"XRPJ23","XRP/BTC","Apr23","XRP/BTC - Apr23","Pair"
"XRPK23","XRP/BTC","May23","XRP/BTC - May23","Pair"
"XRPM23","XRP/BTC","Jun23","XRP/BTC - Jun23","Pair"
"XRPN23","XRP/BTC","Jul23","XRP/BTC - Jul23","Pair"
"XRPQ23","XRP/BTC","Aug23","XRP/BTC - Aug23","Pair"
"XRPU23","XRP/BTC","Sep23","XRP/BTC - Sep23","Pair"
"XRPV23","XRP/BTC","Oct23","XRP/BTC - Oct23","Pair"
"XRPX23","XRP/BTC","Nov23","XRP/BTC - Nov23","Pair"
"XRPZ23","XRP/BTC","Dec23","XRP/BTC - Dec23","Pair"
"BCHN19","BCH/BTC","Jul19","BCH/BTC - Jul19","Pair"
"BCHQ19","BCH/BTC","Aug19","BCH/BTC - Aug19","Pair"
"BCHU19","BCH/BTC","Sep19","BCH/BTC - Sep19","Pair"
"BCHV19","BCH/BTC","Oct19","BCH/BTC - Oct19","Pair"
"BCHX19","BCH/BTC","Nov19","BCH/BTC - Nov19","Pair"
"BCHZ19","BCH/BTC","Dec19","BCH/BTC - Dec19","Pair"
"BCHF20","BCH/BTC","Jan20","BCH/BTC - Jan20","Pair"
"BCHG20","BCH/BTC","Feb20","BCH/BTC - Feb20","Pair"
"BCHH20","BCH/BTC","Mar20","BCH/BTC - Mar20","Pair"
"BCHJ20","BCH/BTC","Apr20","BCH/BTC - Apr20","Pair"
"BCHK20","BCH/BTC","May20","BCH/BTC - May20","Pair"
"BCHM20","BCH/BTC","Jun20","BCH/BTC - Jun20","Pair"
"BCHN20","BCH/BTC","Jul20","BCH/BTC - Jul20","Pair"
"BCHQ20","BCH/BTC","Aug20","BCH/BTC - Aug20","Pair"
"BCHU20","BCH/BTC","Sep20","BCH/BTC - Sep20","Pair"
"BCHV20","BCH/BTC","Oct20","BCH/BTC - Oct20","Pair"
"BCHX20","BCH/BTC","Nov20","BCH/BTC - Nov20","Pair"
"BCHZ20","BCH/BTC","Dec20","BCH/BTC - Dec20","Pair"
"BCHF21","BCH/BTC","Jan21","BCH/BTC - Jan21","Pair"
"BCHG21","BCH/BTC","Feb21","BCH/BTC - Feb21","Pair"
"BCHH21","BCH/BTC","Mar21","BCH/BTC - Mar21","Pair"
"BCHJ21","BCH/BTC","Apr21","BCH/BTC - Apr21","Pair"
"BCHK21","BCH/BTC","May21","BCH/BTC - May21","Pair"
"BCHM21","BCH/BTC","Jun21","BCH/BTC - Jun21","Pair"
"BCHN21","BCH/BTC","Jul21","BCH/BTC - Jul21","Pair"
"BCHQ21","BCH/BTC","Aug21","BCH/BTC - Aug21","Pair"
"BCHU21","BCH/BTC","Sep21","BCH/BTC - Sep21","Pair"
"BCHV21","BCH/BTC","Oct21","BCH/BTC - Oct21","Pair"
"BCHX21","BCH/BTC","Nov21","BCH/BTC - Nov21","Pair"
"BCHZ21","BCH/BTC","Dec21","BCH/BTC - Dec21","Pair"
"BCHF22","BCH/BTC","Jan22","BCH/BTC - Jan22","Pair"
"BCHG22","BCH/BTC","Feb22","BCH/BTC - Feb22","Pair"
"BCHH22","BCH/BTC","Mar22","BCH/BTC - Mar22","Pair"
"BCHJ22","BCH/BTC","Apr22","BCH/BTC - Apr22","Pair"
"BCHK22","BCH/BTC","May22","BCH/BTC - May22","Pair"
"BCHM22","BCH/BTC","Jun22","BCH/BTC - Jun22","Pair"
"BCHN22","BCH/BTC","Jul22","BCH/BTC - Jul22","Pair"
"BCHQ22","BCH/BTC","Aug22","BCH/BTC - Aug22","Pair"
"BCHU22","BCH/BTC","Sep22","BCH/BTC - Sep22","Pair"
"BCHV22","BCH/BTC","Oct22","BCH/BTC - Oct22","Pair"
"BCHX22","BCH/BTC","Nov22","BCH/BTC - Nov22","Pair"
"BCHZ22","BCH/BTC","Dec22","BCH/BTC - Dec22","Pair"
"BCHF23","BCH/BTC","Jan23","BCH/BTC - Jan23","Pair"
"BCHG23","BCH/BTC","Feb23","BCH/BTC - Feb23","Pair"
"BCHH23","BCH/BTC","Mar23","BCH/BTC - Mar23","Pair"
"BCHJ23","BCH/BTC","Apr23","BCH/BTC - Apr23","Pair"
"BCHK23","BCH/BTC","May23","BCH/BTC - May23","Pair"
"BCHM23","BCH/BTC","Jun23","BCH/BTC - Jun23","Pair"
"BCHN23","BCH/BTC","Jul23","BCH/BTC - Jul23","Pair"
"BCHQ23","BCH/BTC","Aug23","BCH/BTC - Aug23","Pair"
"BCHU23","BCH/BTC","Sep23","BCH/BTC - Sep23","Pair"
"BCHV23","BCH/BTC","Oct23","BCH/BTC - Oct23","Pair"
"BCHX23","BCH/BTC","Nov23","BCH/BTC - Nov23","Pair"
"BCHZ23","BCH/BTC","Dec23","BCH/BTC - Dec23","Pair"
"ADAN19","ADA/BTC","Jul19","ADA/BTC - Jul19","Pair"
"ADAQ19","ADA/BTC","Aug19","ADA/BTC - Aug19","Pair"
"ADAU19","ADA/BTC","Sep19","ADA/BTC - Sep19","Pair"
"ADAV19","ADA/BTC","Oct19","ADA/BTC - Oct19","Pair"
"ADAX19","ADA/BTC","Nov19","ADA/BTC - Nov19","Pair"
"ADAZ19","ADA/BTC","Dec19","ADA/BTC - Dec19","Pair"
"ADAF20","ADA/BTC","Jan20","ADA/BTC - Jan20","Pair"
"ADAG20","ADA/BTC","Feb20","ADA/BTC - Feb20","Pair"
"ADAH20","ADA/BTC","Mar20","ADA/BTC - Mar20","Pair"
"ADAJ20","ADA/BTC","Apr20","ADA/BTC - Apr20","Pair"
"ADAK20","ADA/BTC","May20","ADA/BTC - May20","Pair"
"ADAM20","ADA/BTC","Jun20","ADA/BTC - Jun20","Pair"
"ADAN20","ADA/BTC","Jul20","ADA/BTC - Jul20","Pair"
"ADAQ20","ADA/BTC","Aug20","ADA/BTC - Aug20","Pair"
"ADAU20","ADA/BTC","Sep20","ADA/BTC - Sep20","Pair"
"ADAV20","ADA/BTC","Oct20","ADA/BTC - Oct20","Pair"
"ADAX20","ADA/BTC","Nov20","ADA/BTC - Nov20","Pair"
"ADAZ20","ADA/BTC","Dec20","ADA/BTC - Dec20","Pair"
"ADAF21","ADA/BTC","Jan21","ADA/BTC - Jan21","Pair"
"ADAG21","ADA/BTC","Feb21","ADA/BTC - Feb21","Pair"
"ADAH21","ADA/BTC","Mar21","ADA/BTC - Mar21","Pair"
"ADAJ21","ADA/BTC","Apr21","ADA/BTC - Apr21","Pair"
"ADAK21","ADA/BTC","May21","ADA/BTC - May21","Pair"
"ADAM21","ADA/BTC","Jun21","ADA/BTC - Jun21","Pair"
"ADAN21","ADA/BTC","Jul21","ADA/BTC - Jul21","Pair"
"ADAQ21","ADA/BTC","Aug21","ADA/BTC - Aug21","Pair"
"ADAU21","ADA/BTC","Sep21","ADA/BTC - Sep21","Pair"
"ADAV21","ADA/BTC","Oct21","ADA/BTC - Oct21","Pair"
"ADAX21","ADA/BTC","Nov21","ADA/BTC - Nov21","Pair"
"ADAZ21","ADA/BTC","Dec21","ADA/BTC - Dec21","Pair"
"ADAF22","ADA/BTC","Jan22","ADA/BTC - Jan22","Pair"
"ADAG22","ADA/BTC","Feb22","ADA/BTC - Feb22","Pair"
"ADAH22","ADA/BTC","Mar22","ADA/BTC - Mar22","Pair"
"ADAJ22","ADA/BTC","Apr22","ADA/BTC - Apr22","Pair"
"ADAK22","ADA/BTC","May22","ADA/BTC - May22","Pair"
"ADAM22","ADA/BTC","Jun22","ADA/BTC - Jun22","Pair"
"ADAN22","ADA/BTC","Jul22","ADA/BTC - Jul22","Pair"
"ADAQ22","ADA/BTC","Aug22","ADA/BTC - Aug22","Pair"
"ADAU22","ADA/BTC","Sep22","ADA/BTC - Sep22","Pair"
"ADAV22","ADA/BTC","Oct22","ADA/BTC - Oct22","Pair"
"ADAX22","ADA/BTC","Nov22","ADA/BTC - Nov22","Pair"
"ADAZ22","ADA/BTC","Dec22","ADA/BTC - Dec22","Pair"
"ADAF23","ADA/BTC","Jan23","ADA/BTC - Jan23","Pair"
"ADAG23","ADA/BTC","Feb23","ADA/BTC - Feb23","Pair"
"ADAH23","ADA/BTC","Mar23","ADA/BTC - Mar23","Pair"
"ADAJ23","ADA/BTC","Apr23","ADA/BTC - Apr23","Pair"
"ADAK23","ADA/BTC","May23","ADA/BTC - May23","Pair"
"ADAM23","ADA/BTC","Jun23","ADA/BTC - Jun23","Pair"
"ADAN23","ADA/BTC","Jul23","ADA/BTC - Jul23","Pair"
"ADAQ23","ADA/BTC","Aug23","ADA/BTC - Aug23","Pair"
"ADAU23","ADA/BTC","Sep23","ADA/BTC - Sep23","Pair"
"ADAV23","ADA/BTC","Oct23","ADA/BTC - Oct23","Pair"
"ADAX23","ADA/BTC","Nov23","ADA/BTC - Nov23","Pair"
"ADAZ23","ADA/BTC","Dec23","ADA/BTC - Dec23","Pair"
"EOSN19","EOS/BTC","Jul19","EOS/BTC - Jul19","Pair"
"EOSQ19","EOS/BTC","Aug19","EOS/BTC - Aug19","Pair"
"EOSU19","EOS/BTC","Sep19","EOS/BTC - Sep19","Pair"
"EOSV19","EOS/BTC","Oct19","EOS/BTC - Oct19","Pair"
"EOSX19","EOS/BTC","Nov19","EOS/BTC - Nov19","Pair"
"EOSZ19","EOS/BTC","Dec19","EOS/BTC - Dec19","Pair"
"EOSF20","EOS/BTC","Jan20","EOS/BTC - Jan20","Pair"
"EOSG20","EOS/BTC","Feb20","EOS/BTC - Feb20","Pair"
"EOSH20","EOS/BTC","Mar20","EOS/BTC - Mar20","Pair"
"EOSJ20","EOS/BTC","Apr20","EOS/BTC - Apr20","Pair"
"EOSK20","EOS/BTC","May20","EOS/BTC - May20","Pair"
"EOSM20","EOS/BTC","Jun20","EOS/BTC - Jun20","Pair"
"EOSN20","EOS/BTC","Jul20","EOS/BTC - Jul20","Pair"
"EOSQ20","EOS/BTC","Aug20","EOS/BTC - Aug20","Pair"
"EOSU20","EOS/BTC","Sep20","EOS/BTC - Sep20","Pair"
"EOSV20","EOS/BTC","Oct20","EOS/BTC - Oct20","Pair"
"EOSX20","EOS/BTC","Nov20","EOS/BTC - Nov20","Pair"
"EOSZ20","EOS/BTC","Dec20","EOS/BTC - Dec20","Pair"
"EOSF21","EOS/BTC","Jan21","EOS/BTC - Jan21","Pair"
"EOSG21","EOS/BTC","Feb21","EOS/BTC - Feb21","Pair"
"EOSH21","EOS/BTC","Mar21","EOS/BTC - Mar21","Pair"
"EOSJ21","EOS/BTC","Apr21","EOS/BTC - Apr21","Pair"
"EOSK21","EOS/BTC","May21","EOS/BTC - May21","Pair"
"EOSM21","EOS/BTC","Jun21","EOS/BTC - Jun21","Pair"
"EOSN21","EOS/BTC","Jul21","EOS/BTC - Jul21","Pair"
"EOSQ21","EOS/BTC","Aug21","EOS/BTC - Aug21","Pair"
"EOSU21","EOS/BTC","Sep21","EOS/BTC - Sep21","Pair"
"EOSV21","EOS/BTC","Oct21","EOS/BTC - Oct21","Pair"
"EOSX21","EOS/BTC","Nov21","EOS/BTC - Nov21","Pair"
"EOSZ21","EOS/BTC","Dec21","EOS/BTC - Dec21","Pair"
"EOSF22","EOS/BTC","Jan22","EOS/BTC - Jan22","Pair"
"EOSG22","EOS/BTC","Feb22","EOS/BTC - Feb22","Pair"
"EOSH22","EOS/BTC","Mar22","EOS/BTC - Mar22","Pair"
"EOSJ22","EOS/BTC","Apr22","EOS/BTC - Apr22","Pair"
"EOSK22","EOS/BTC","May22","EOS/BTC - May22","Pair"
"EOSM22","EOS/BTC","Jun22","EOS/BTC - Jun22","Pair"
"EOSN22","EOS/BTC","Jul22","EOS/BTC - Jul22","Pair"
"EOSQ22","EOS/BTC","Aug22","EOS/BTC - Aug22","Pair"
"EOSU22","EOS/BTC","Sep22","EOS/BTC - Sep22","Pair"
"EOSV22","EOS/BTC","Oct22","EOS/BTC - Oct22","Pair"
"EOSX22","EOS/BTC","Nov22","EOS/BTC - Nov22","Pair"
"EOSZ22","EOS/BTC","Dec22","EOS/BTC - Dec22","Pair"
"EOSF23","EOS/BTC","Jan23","EOS/BTC - Jan23","Pair"
"EOSG23","EOS/BTC","Feb23","EOS/BTC - Feb23","Pair"
"EOSH23","EOS/BTC","Mar23","EOS/BTC - Mar23","Pair"
"EOSJ23","EOS/BTC","Apr23","EOS/BTC - Apr23","Pair"
"EOSK23","EOS/BTC","May23","EOS/BTC - May23","Pair"
"EOSM23","EOS/BTC","Jun23","EOS/BTC - Jun23","Pair"
"EOSN23","EOS/BTC","Jul23","EOS/BTC - Jul23","Pair"
"EOSQ23","EOS/BTC","Aug23","EOS/BTC - Aug23","Pair"
"EOSU23","EOS/BTC","Sep23","EOS/BTC - Sep23","Pair"
"EOSV23","EOS/BTC","Oct23","EOS/BTC - Oct23","Pair"
"EOSX23","EOS/BTC","Nov23","EOS/BTC - Nov23","Pair"
"EOSZ23","EOS/BTC","Dec23","EOS/BTC - Dec23","Pair"
"TRXN19","TRX/BTC","Jul19","TRX/BTC - Jul19","Pair"
"TRXQ19","TRX/BTC","Aug19","TRX/BTC - Aug19","Pair"
"TRXU19","TRX/BTC","Sep19","TRX/BTC - Sep19","Pair"
"TRXV19","TRX/BTC","Oct19","TRX/BTC - Oct19","Pair"
"TRXX19","TRX/BTC","Nov19","TRX/BTC - Nov19","Pair"
"TRXZ19","TRX/BTC","Dec19","TRX/BTC - Dec19","Pair"
"TRXF20","TRX/BTC","Jan20","TRX/BTC - Jan20","Pair"
"TRXG20","TRX/BTC","Feb20","TRX/BTC - Feb20","Pair"
"TRXH20","TRX/BTC","Mar20","TRX/BTC - Mar20","Pair"
"TRXJ20","TRX/BTC","Apr20","TRX/BTC - Apr20","Pair"
"TRXK20","TRX/BTC","May20","TRX/BTC - May20","Pair"
"TRXM20","TRX/BTC","Jun20","TRX/BTC - Jun20","Pair"
"TRXN20","TRX/BTC","Jul20","TRX/BTC - Jul20","Pair"
"TRXQ20","TRX/BTC","Aug20","TRX/BTC - Aug20","Pair"
"TRXU20","TRX/BTC","Sep20","TRX/BTC - Sep20","Pair"
"TRXV20","TRX/BTC","Oct20","TRX/BTC - Oct20","Pair"
"TRXX20","TRX/BTC","Nov20","TRX/BTC - Nov20","Pair"
"TRXZ20","TRX/BTC","Dec20","TRX/BTC - Dec20","Pair"
"TRXF21","TRX/BTC","Jan21","TRX/BTC - Jan21","Pair"
"TRXG21","TRX/BTC","Feb21","TRX/BTC - Feb21","Pair"
"TRXH21","TRX/BTC","Mar21","TRX/BTC - Mar21","Pair"
"TRXJ21","TRX/BTC","Apr21","TRX/BTC - Apr21","Pair"
"TRXK21","TRX/BTC","May21","TRX/BTC - May21","Pair"
"TRXM21","TRX/BTC","Jun21","TRX/BTC - Jun21","Pair"
"TRXN21","TRX/BTC","Jul21","TRX/BTC - Jul21","Pair"
"TRXQ21","TRX/BTC","Aug21","TRX/BTC - Aug21","Pair"
"TRXU21","TRX/BTC","Sep21","TRX/BTC - Sep21","Pair"
"TRXV21","TRX/BTC","Oct21","TRX/BTC - Oct21","Pair"
"TRXX21","TRX/BTC","Nov21","TRX/BTC - Nov21","Pair"
"TRXZ21","TRX/BTC","Dec21","TRX/BTC - Dec21","Pair"
"TRXF22","TRX/BTC","Jan22","TRX/BTC - Jan22","Pair"
"TRXG22","TRX/BTC","Feb22","TRX/BTC - Feb22","Pair"
"TRXH22","TRX/BTC","Mar22","TRX/BTC - Mar22","Pair"
"TRXJ22","TRX/BTC","Apr22","TRX/BTC - Apr22","Pair"
"TRXK22","TRX/BTC","May22","TRX/BTC - May22","Pair"
"TRXM22","TRX/BTC","Jun22","TRX/BTC - Jun22","Pair"
"TRXN22","TRX/BTC","Jul22","TRX/BTC - Jul22","Pair"
"TRXQ22","TRX/BTC","Aug22","TRX/BTC - Aug22","Pair"
"TRXU22","TRX/BTC","Sep22","TRX/BTC - Sep22","Pair"
"TRXV22","TRX/BTC","Oct22","TRX/BTC - Oct22","Pair"
"TRXX22","TRX/BTC","Nov22","TRX/BTC - Nov22","Pair"
"TRXZ22","TRX/BTC","Dec22","TRX/BTC - Dec22","Pair"
"TRXF23","TRX/BTC","Jan23","TRX/BTC - Jan23","Pair"
"TRXG23","TRX/BTC","Feb23","TRX/BTC - Feb23","Pair"
"TRXH23","TRX/BTC","Mar23","TRX/BTC - Mar23","Pair"
"TRXJ23","TRX/BTC","Apr23","TRX/BTC - Apr23","Pair"
"TRXK23","TRX/BTC","May23","TRX/BTC - May23","Pair"
"TRXM23","TRX/BTC","Jun23","TRX/BTC - Jun23","Pair"
"TRXN23","TRX/BTC","Jul23","TRX/BTC - Jul23","Pair"
"TRXQ23","TRX/BTC","Aug23","TRX/BTC - Aug23","Pair"
"TRXU23","TRX/BTC","Sep23","TRX/BTC - Sep23","Pair"
"TRXV23","TRX/BTC","Oct23","TRX/BTC - Oct23","Pair"
"TRXX23","TRX/BTC","Nov23","TRX/BTC - Nov23","Pair"
"TRXZ23","TRX/BTC","Dec23","TRX/BTC - Dec23","Pair"
"LTCN19","LTC/BTC","Jul19","LTC/BTC - Jul19","Pair"
"LTCQ19","LTC/BTC","Aug19","LTC/BTC - Aug19","Pair"
"LTCU19","LTC/BTC","Sep19","LTC/BTC - Sep19","Pair"
"LTCV19","LTC/BTC","Oct19","LTC/BTC - Oct19","Pair"
"LTCX19","LTC/BTC","Nov19","LTC/BTC - Nov19","Pair"
"LTCZ19","LTC/BTC","Dec19","LTC/BTC - Dec19","Pair"
"LTCF20","LTC/BTC","Jan20","LTC/BTC - Jan20","Pair"
"LTCG20","LTC/BTC","Feb20","LTC/BTC - Feb20","Pair"
"LTCH20","LTC/BTC","Mar20","LTC/BTC - Mar20","Pair"
"LTCJ20","LTC/BTC","Apr20","LTC/BTC - Apr20","Pair"
"LTCK20","LTC/BTC","May20","LTC/BTC - May20","Pair"
"LTCM20","LTC/BTC","Jun20","LTC/BTC - Jun20","Pair"
"LTCN20","LTC/BTC","Jul20","LTC/BTC - Jul20","Pair"
"LTCQ20","LTC/BTC","Aug20","LTC/BTC - Aug20","Pair"
"LTCU20","LTC/BTC","Sep20","LTC/BTC - Sep20","Pair"
"LTCV20","LTC/BTC","Oct20","LTC/BTC - Oct20","Pair"
"LTCX20","LTC/BTC","Nov20","LTC/BTC - Nov20","Pair"
"LTCZ20","LTC/BTC","Dec20","LTC/BTC - Dec20","Pair"
"LTCF21","LTC/BTC","Jan21","LTC/BTC - Jan21","Pair"
"LTCG21","LTC/BTC","Feb21","LTC/BTC - Feb21","Pair"
"LTCH21","LTC/BTC","Mar21","LTC/BTC - Mar21","Pair"
"LTCJ21","LTC/BTC","Apr21","LTC/BTC - Apr21","Pair"
"LTCK21","LTC/BTC","May21","LTC/BTC - May21","Pair"
"LTCM21","LTC/BTC","Jun21","LTC/BTC - Jun21","Pair"
"LTCN21","LTC/BTC","Jul21","LTC/BTC - Jul21","Pair"
"LTCQ21","LTC/BTC","Aug21","LTC/BTC - Aug21","Pair"
"LTCU21","LTC/BTC","Sep21","LTC/BTC - Sep21","Pair"
"LTCV21","LTC/BTC","Oct21","LTC/BTC - Oct21","Pair"
"LTCX21","LTC/BTC","Nov21","LTC/BTC - Nov21","Pair"
"LTCZ21","LTC/BTC","Dec21","LTC/BTC - Dec21","Pair"
"LTCF22","LTC/BTC","Jan22","LTC/BTC - Jan22","Pair"
"LTCG22","LTC/BTC","Feb22","LTC/BTC - Feb22","Pair"
"LTCH22","LTC/BTC","Mar22","LTC/BTC - Mar22","Pair"
"LTCJ22","LTC/BTC","Apr22","LTC/BTC - Apr22","Pair"
"LTCK22","LTC/BTC","May22","LTC/BTC - May22","Pair"
"LTCM22","LTC/BTC","Jun22","LTC/BTC - Jun22","Pair"
"LTCN22","LTC/BTC","Jul22","LTC/BTC - Jul22","Pair"
"LTCQ22","LTC/BTC","Aug22","LTC/BTC - Aug22","Pair"
"LTCU22","LTC/BTC","Sep22","LTC/BTC - Sep22","Pair"
"LTCV22","LTC/BTC","Oct22","LTC/BTC - Oct22","Pair"
"LTCX22","LTC/BTC","Nov22","LTC/BTC - Nov22","Pair"
"LTCZ22","LTC/BTC","Dec22","LTC/BTC - Dec22","Pair"
"LTCF23","LTC/BTC","Jan23","LTC/BTC - Jan23","Pair"
"LTCG23","LTC/BTC","Feb23","LTC/BTC - Feb23","Pair"
"LTCH23","LTC/BTC","Mar23","LTC/BTC - Mar23","Pair"
"LTCJ23","LTC/BTC","Apr23","LTC/BTC - Apr23","Pair"
"LTCK23","LTC/BTC","May23","LTC/BTC - May23","Pair"
"LTCM23","LTC/BTC","Jun23","LTC/BTC - Jun23","Pair"
"LTCN23","LTC/BTC","Jul23","LTC/BTC - Jul23","Pair"
"LTCQ23","LTC/BTC","Aug23","LTC/BTC - Aug23","Pair"
"LTCU23","LTC/BTC","Sep23","LTC/BTC - Sep23","Pair"
"LTCV23","LTC/BTC","Oct23","LTC/BTC - Oct23","Pair"
"LTCX23","LTC/BTC","Nov23","LTC/BTC - Nov23","Pair"
"LTCZ23","LTC/BTC","Dec23","LTC/BTC - Dec23","Pair"
